,AnnualRainfall,MonsoonRainfall,CloudVisibility,Humidity,Temperature,RiverWaterLevel,SoilSaturation,WindSpeed,Elevation,DrainageQuality,FloodOccurred
count,3000.0,3000.0,3000.0,2970.0,3000.0,3000.0,2970.0,2970.0,3000.0,3000.0,3000.0
mean,1816.0435666666667,1223.8149333333333,5.968063333333333,69.75488215488215,28.101933333333328,5.058906666666666,55.068821548821546,14.95144781144781,152.90089999999998,2.9953333333333334,0.45
std,493.26618430769474,359.74742947610775,2.5675098412503106,14.280228368843996,5.049610788822747,1.9774890372017169,19.78774105733256,7.8028075448834,91.22136241862704,1.3952157890167132,0.49757665490773356
min,300.0,198.5,0.2,20.0,11.4,0.5,5.0,0.0,0.0,1.0,0.0
25%,1486.225,972.175,4.2,60.1,24.7,3.69,41.425,9.3,85.9,2.0,0.0
50%,1812.1999999999998,1212.75,5.92,69.85,28.1,5.05,55.1,14.8,151.75,3.0,0.0
75%,2136.8,1450.9250000000002,7.75,79.5,31.5,6.41,69.1,20.3,213.925,4.0,1.0
max,3763.1,2414.6,14.82,100.0,45.0,13.96,100.0,43.9,471.5,5.0,1.0
